$\frac{\theta}{g(x)}$, $c_f Re_\theta$
5.859883284560922778e-01,4.453511296266201430e-02
5.149181938014145699e-01,3.285178076453018625e-01
4.902202105517542430e-01,3.921761684414028504e-01
4.689999999999995284e-01,4.399219999999990915e-01
4.067505387593171040e-01,5.580617391777827896e-01
3.471068016804679246e-01,6.435360103155874922e-01
